<?xml version="1.0" encoding="UTF-8"?>
<beans:beans xmlns="http://www.springframework.org/schema/security"
	xmlns:beans="http://www.springframework.org/schema/beans" xmlns:xsi="http://www.w3.org/2001/XMLSchema-instance"
	xsi:schemaLocation="http://www.springframework.org/schema/beans
 http://www.springframework.org/schema/beans/spring-beans-3.0.xsd
 http://www.springframework.org/schema/security
 http://www.springframework.org/schema/security/spring-security-4.0.xsd">


	<http auto-config="true" use-expressions="true">
		<intercept-url pattern="/resources/**" access="permitAll" />
		<access-denied-handler error-page="/403page" />
		<intercept-url pattern="/main/**"
			access="hasAnyRole('ROLE_ADMIN','ROLE_USER')" />
		<form-login login-page='/login' username-parameter="username"
			password-parameter="password" default-target-url="/main/dashboard"
			authentication-failure-url="/login?authfailed" />

		<logout invalidate-session="true" logout-success-url="/login"
			logout-url="/j_spring_security_logout" />


		<!-- enable csrf protection -->
		<csrf />

	</http>

	<!-- MySQL DB DataSource -->
	<beans:bean id="dataSource"
		class="org.springframework.jdbc.datasource.DriverManagerDataSource">

		<beans:property name="driverClassName" value="oracle.jdbc.OracleDriver" />
		<beans:property name="url"
			value="jdbc:oracle:thin:@localhost:1521:XE" />
		<beans:property name="username" value="UCPB" />
		<beans:property name="password" value="ucpbuser" />
	</beans:bean>

	<beans:bean id="UserDetailServiceImpl"
		class="com.unicrom.babycare.service.security.UserDetailServiceImpl" />




	<authentication-manager>
		<!-- <authentication-provider user-service-ref="UserDetailServiceImpl"> -->
		<!-- <password-encoder hash="md5" /> -->
		<!-- </authentication-provider> -->
		<!-- <authentication-provider> -->
		<!-- <password-encoder hash="md5" /> -->
		<!-- <jdbc-user-service data-source-ref="dataSource" -->
		<!-- users-by-username-query="SELECT u.NAME USERNAME, u.PASSWORD PASSWORD, 
			'true' enabled FROM UCPB_USER u WHERE u.NAME=?" -->
		<!-- authorities-by-username-query="SELECT r.username,r.name FROM UCPB_ROLE 
			r WHERE r.username=? " /> -->
		<!-- </authentication-provider> -->
		<authentication-provider>
			<password-encoder hash="md5" />
			<user-service>
				<!-- role admin with admin as username and admin as password -->
				<user name="admin" password="f5ee5716250afb8aba2ea194a169f3c1"
					authorities="ROLE_ADMIN" />
				<!-- role user with user as username and user as password -->
				<user name="user" password="f5ee5716250afb8aba2ea194a169f3c1"
					authorities="ROLE_USER" />
			</user-service>
		</authentication-provider>
	</authentication-manager>
</beans:beans>