<?xml version="1.0" encoding="UTF-8"?>
<beans:beans xmlns="http://www.springframework.org/schema/security"
	xmlns:beans="http://www.springframework.org/schema/beans" xmlns:xsi="http://www.w3.org/2001/XMLSchema-instance"
	xsi:schemaLocation="http://www.springframework.org/schema/beans
 http://www.springframework.org/schema/beans/spring-beans-3.0.xsd
 http://www.springframework.org/schema/security
 http://www.springframework.org/schema/security/spring-security-3.2.xsd">

	<http auto-config="true" use-expressions="true">
		<access-denied-handler error-page="/403page" />
		<intercept-url pattern="/accounts/**"
			access="hasAnyRole('ROLE_ADMIN','ROLE_USER')" />
		<form-login login-page='/login' username-parameter="username"
			password-parameter="password" default-target-url="/"
			authentication-failure-url="/login?authfailed" />

		<logout logout-success-url="/login?logout" />

		<!-- enable csrf protection -->
		<csrf />

	</http>

	<!-- Select users and user_roles from database -->

	<authentication-manager>
		<authentication-provider>
			<password-encoder hash="md5" />
			<jdbc-user-service data-source-ref="dataSource"
				users-by-username-query="SELECT username as USERNAME, password as PASSWORD, 'true' AS enabled FROM ACCOUNT WHERE username=?"
				authorities-by-username-query="SELECT username,name FROM ROLE WHERE username=? " />
		</authentication-provider>
		<authentication-provider>
			<password-encoder hash="md5" />
			<user-service>
				<!-- role admin with admin as username and admin as password -->
				<user name="admin" password="21232f297a57a5a743894a0e4a801fc3"
					authorities="ROLE_ADMIN" />
				<!-- role user with user as username and user as password -->
				<user name="user" password="ee11cbb19052e40b07aac0ca060c23ee"
					authorities="ROLE_USER" />
			</user-service>
		</authentication-provider>
	</authentication-manager>


</beans:beans>
