<?xml version="1.0" encoding="UTF-8"?>
<beans xmlns="http://www.springframework.org/schema/beans"
 xmlns:xsi="http://www.w3.org/2001/XMLSchema-instance" xmlns:context="http://www.springframework.org/schema/context"
 xmlns:jdbc="http://www.springframework.org/schema/jdbc" xmlns:tx="http://www.springframework.org/schema/tx"
 xsi:schemaLocation="http://www.springframework.org/schema/jdbc http://www.springframework.org/schema/jdbc/spring-jdbc-3.2.xsd
  http://www.springframework.org/schema/beans http://www.springframework.org/schema/beans/spring-beans-3.2.xsd
  http://www.springframework.org/schema/tx http://www.springframework.org/schema/tx/spring-tx-3.2.xsd
  http://www.springframework.org/schema/context http://www.springframework.org/schema/context/spring-context-3.2.xsd">

 <context:annotation-config />
 
 <context:property-placeholder location="classpath:META-INF/config.properties" />
 
 <context:component-scan base-package="com.unicrom" />

 <bean id="transactionManager" class="org.springframework.orm.jpa.JpaTransactionManager">
  <property name="entityManagerFactory" ref="entityManagerFactory" />
  <property name="dataSource" ref="dataSource" />
 </bean>
 
 <tx:annotation-driven transaction-manager="transactionManager" />
 
 <bean id="entityManagerFactory"
      class="org.springframework.orm.jpa.LocalContainerEntityManagerFactoryBean">
    <property name="dataSource" ref="dataSource" />
    <property name="persistenceXmlLocation"  value="classpath:META-INF/persistence.xml"/> 
    <property name="persistenceUnitName" value="persistenceUnit" /> 
<!--      <property name="packagesToScan" value="com.unicrom.babycare.domain" />  -->
    <property name="jpaVendorAdapter">
        <bean class="org.springframework.orm.jpa.vendor.HibernateJpaVendorAdapter">
            <property name="databasePlatform" value="${hibernate.dialect}" />
            <property name="showSql" value="${hibernate.show_sql}" />
            <property name="generateDdl" value="true" />
            <property name="database" value="ORACLE" />
        </bean>
    </property>
   
</bean>

<!--  <bean id="UserDetailServiceImpl" class="com.unicrom.babycare.service.security.UserDetailServiceImpl" > -->
<!--  </bean> -->
 

     
<bean id="dataSource" class="org.springframework.jdbc.datasource.DriverManagerDataSource">
    <property name="driverClassName" value="${jdbc.driverClassName}" />
    <property name="url" value="${jdbc.url}" />
    <property name="username" value="${jdbc.username}" />
    <property name="password" value="${jdbc.password}" />
</bean>

<bean class="org.springframework.orm.jpa.support.PersistenceAnnotationBeanPostProcessor" />

<!--  <bean id="persistenceExceptionTranslationPostProcessor"  -->
<!--        class="org.springframework.dao.annotation.PersistenceExceptionTranslationPostProcessor" />  -->
</beans>